Kategori,cleaned_tweets
1,mudah agama orang islam dukung upaya cegah tular virus corona salah satu vaksin lupa doa upaya manusia hasil tidak izin allah
1,ancam mati upaya cegah contoh virus corona intai upaya henti vaksin
1,perhati khusus ayo disiplin prokes vaksin segera ayo wilayah nkri lawan corona disiplin prokes wajib pikir sepele hidup jalan kalah corona malu hina
2,dasar nafsu kuasa kuasa dunia jadi sandiwara corona sambung demen allah demen main biadab topeng jual vaksin korban tewas lumpuh saksi biadab rezim haus kuasa hutang
2,vaksin konspirasi flat earthers pandemi konspirasi corona obat spiritual jalan benar paksa tanggung beban bodoh rekan
2,henti vaksin sinovac ganti herbal ajaib sari buah dokter pasien covid bukti sembuh obat suplemen corona limpah negara perintah paksa ancam rakyat vaksin sinovac
1,salut corona tsunami gempa banjir gunung letus beliau kasih sulit salah salah rakyat kasih dana bantu progam prakerja vaksin bantu bahas bangun lancar jawa
2,kayak vaksin corona tugas pasien pakai masker vaksin anti bodoh
2,vaksin kena corona
1,vaksin corona sambut takut vaksin tuju jaga imun biar pandemi bantu
1,moga vaksin sinovac aman indonesia presiden filipina rodrigo duterte puji aman vaksin virus corona covid buat usaha usaha biofarmasi cina
1,masker vaksin corona
1,hidup corona doa mati siram desinfektan gulung hand sanitizer racun vaksin hina caci musnah doa efek positif manusia covid
1,pro vaksin corona hilang ikhtiar vaksin
1,vaksin covid sinovac halal aman tubuh guna lindung tular virus corona nova iriansyah
1,prinsip sakit obat masa pandemi corona obat vaksin
1,vaksin sifat lindung hindar sebar virus corona
1,rang corona dukung vaksin ikut protokol sehat 3m pakai masker jaga jarak hindar kerumun cuci tangan pakai sabun
2,vaksin virus lemah kuat masuk tubuh manusia bebas virus corona vaksin corona orang corona
2,tolong grasak grusuk kaya orang bodoh virus corona cina vaksin beli cina vaksin virus dilemahin vaksin klinik uji coba segitu bodoh kelola negara aset revolusi manfaat bargaining korporasi global
2,infeksi vaksin isi corona virus perang era lawan vaksin rapid swab pakai masker perang fisik lawan propaganda gabung negara tuju budak kapitalis jaman
2,kena corona vaksin
2,ketua peduli sengaja langgar atur masyarakat positif pelesir harap deh corona reda vaksin jabat dongok
2,urus negara kader bikin gaduh tolak vaksin covid
2,rakyat butuh sunti dana ketimbang suntik vaksin takut corona penting stabil ekonomi
1,ayo sukses vaksin covid indonesia sehat corona
2,inti vaksin jamin kebal virus corona faedah vaksin bisnis belaka
1,vaksin solusi atas pandemi vaksinasi nasional harap pandemi covid beri imunisasi wajib masyarakat kecuali tular corona
2,fakta vaksin cina komunis bawa corona ayo tolak vaksin cina komunis
1,ayo vaksin ayo
2,vaksin sinovac kelinci coba kandung boraks formalin sesat konten pantau pesan beranta wa vaksin virus corona sinovac kelinci coba informasi lengkap
2,mati kena corona mati kena vaksin
1,vaksinasi salah ikhtiar samping ikhtiar protokol sehat ketat hadap pandemi moga negeri pandemi covid amin allah
2,vaksin psbb panjang fix bisnis corona
2,vaksin virus corona lemah sunti virus corona jaga jarak pakai masker bulan ujung ujung sukarela suntik virus orang tua nyawa habis suntik
2,heran vaksinasi corona virus indonesia manfaat vaksin bidang uji mampu ampuh bahaya makan nasi sakit diabetes serang
2,vaksinasi papar arti vaksin
2,khawatir vaksin kebal eh papar virus corona cina vaksin
2,rakyat curiga positif corona vaksin sinovac rawan sinovac bandung kena corona
2,vaksin corona chipnya bahhh corona pakai sempat masukin chip gila bodoh kaya cebong
1,vaksin virus corona aman
2,jajah dahsyat vaksin corona paksa produk asing penjara rakyat indonesia
1,vaksinasi hilang virus corona suntik vaksin kebal sakit
1,dukung insya allah virus corona hilang rakyat dukung vaksin
1,vaksin otomatis bebas virus corona pasal vaksin cipta antibodi lawan covid
1,selamat tinggal corona rakyat dukung vaksin
2,mikirnya corona jabat tugas medis rebut vaksin duluan
1,harap sehat kebal imunitas halau virus corona hadir vaksin harap masyarakat kondisi finansial pulih kerja usaha
2,lockdown corona muncul cina negara buat vaksin vaksin abal abal
1,dukung vaksinasi nasional masyarakat sehat corona ekonomi tingkat vaksin lancar nkri pulih
1,vaksin mari sukses vaksinasi nasional covid
2,vaksin corona butuh banget vaksin bodoh akar alami
2,bodoh korban si novac nama vaksin corona virus corona lemah positif kau indonesia kurang monyet sukarelawan vaksin corona
2,koordinasi serah vaksin kerumun corona eliminasi bodoh
1,ayo drama corona vaksinasi cepat mari vaksin
1,lawan pandemi vaksinasi vaksinasi covid laku putus mata rantai tular virus corona vaksin boosting herd immunity
1,vaksin covid laku putus rantai tular virus corona lindung sehat selamat aman masyarakat indonesia vaksin boosting herd immunity
2,cina cina covid senjata maaf mending mati corona coba vaksin cina
1,alhamdulillah butuh vaksin kebal corona
2,pakai vaksin cina pilkada corona virus tekuk lutut
1,vaksin turun tingkat mati akibat corona kali
2,canda lucu vaksin ancam penjara pandemi napi bebas gali lubang tutup lubang bebasin penjarain
2,makan susah tebus vaksin harga segitu abis vaksin masyarakat ekonomi lapis bebas corona bebas malaikat maut abis duit makan cuman pandang sekian
1,vaksin putus rantai tular virus covid moga allah angkat virus corona aktivitas amin
2,vape vaksin corona tutup elite global
2,vaksin tubuh kebal virus corona kebal hukum mantap
2,ragu kualitas vaksin aduh warga tinggal suntik vaksin corona
2,alas tolak vaksin biar corona awet bantuanya kampret
1,vaksin mantap imun kuat hasil efikasi vaksin sinovac indonesia kisar persen kepala bpom vaksin covid timbul imunogenitas virus corona kali lipat
1,banget vaksin corona cepat hidup normal
2,aduh warga tinggal suntik vaksin corona
2,apa alas pakai vaksin corona and i will show that corona isn triliun that dangerous if understand let see
2,takut corona takut vaksin buat cina pakai amerika eropa
2,vaksin sinovac suntik masyarakat cina hasil tumbuh virus corona beres tolak ahhh
2,curiga cina virus vaksin menangulangi virus corona cina lockdown virus model akal maklum partai kuasa komunis
2,pikir suntikin sebenernya vaksin patch update bug fix corona corona
2,kasih bukti elak melulu pit sipit pantes cina komunis busuk bawa virus corona kejam orang suruh beli vaksin rongsok dasar rakus
2,buzzer anti vaksin moga cepat mati kena corona
2,mati racun vaksin serang virus corona
2,bilang tolak vaksin kebal corona
1,takut suntik vaksin benteng virus corona
1,vaksin salah harap tekan sebar virus corona aneka ragam vaksin kandung efek beda beda lengkap tipe vaksin covid
2,vaksin jamin kebal teman teman nona corona bodoh kaya percaya propaganda judul berita
1,vaksin ujung tombak kendali pandemi salah tunjang cegah tular virus corona indonesia
1,takut tinggal corona vaksin ajal
1,peduli covid tolak vaksin vaksin percaya ekonomi tumbuh anggap jalan mati mati corona mati lapar mati vaksin ikut
1,vaksinasi wajib vaksin mudah papar virus corona akibat fatal presiden vaksin ragu
2,corona cina vaksin buat cina cina pakai vaksin buat
2,masyarakat nduga tolak vaksin corona negara urus pangungsi nduga
2,jatuh timpa tanggapula bodoh virus corona vaksin tuhan selamat warga muslim biar siksa dunia akhirat pendzholim
2,perintah tuju biar rakyat tinggal gara gara corona buang buang duit negara vaksin
1,corona landa negeri moga lekas baik harap perintah selesai moga vaksin efektif amin perut lapar gelap mata
2,sungguh vaksin ampuh pilkada berkat pilkada corona hilang
2,lockdown jual rapid test kemarin jual swab test rapid test antigen jual vaksin corona besok apd lengkap negara pasar
2,salah bodoh abis vaksin merdeka corona terima kasih
2,dibutuhin vaksin corona vaksin dungu
1,vaksin sehat indonesian sehat percaya perintah banget kasih vaksin gratis masyarakat
1,moga vaksin beneran atas corona amin ngomong jelek vaksin mending doa
1,sayang orang sayang vaksinasi covid laku putus rantai tular corona virus presiden jokowi terima vaksin covid kemarin
2,vaksin kena corona kebal corona
1,tuju utama vaksinasi putus rantai tular virus corona peran masyarakat indonesia ayo vaksin ayo
1,vaksin tuju bentuk antibodi halau virus corona tubuh kuat cegah tular indonesia rmp
2,negara bisnis rakyat
1,vaksin corona indonesia bismillah moga indonesia sehat sehat
2,corona takut gilir vaksin takut
2,vaksin corona butuh vaksin anti bodoh
1,alhamdulillah vaksin corona temu vaksin patah hati tolong kembang
2,negara cipta corona vaksin cipta zombie
2,bingung corona lockdown wajib lockdown vaksin cepat hilang vaksin dasar laku bisnisman biar beli vaksin
2,vaksin corona tinggal tunggu vaksin bodoh
1,vaksin kebal virus corona tingkat imun kebal tubuh
1,takut vaksin halal aman hempas virus corona
2,selamat rakyat perintah vaksin covid gratis bilang perintah jual vaksin tukang berita bohong jokowi vaksin corona gratis bilang bayar
2,kebal vaksin covid orang banten biar kebal ajakin corona debus mati
1,vaksin aman laksana baik
2,sunti sunti vaksin corona sunti dana
2,ngeri vaksin corona buat anak buah pengkor canda anak buah
1,vaksin lindung lindung orang orang sekitar
1,moga vaksin cepat masyarakat daya tahan tubuh kuat corona cepat biar roda ekonomi stabil hidup mati tangan sang kuasa takut vaksin ikut atur perintah baik
1,harta tahta vaksin corona
2,indonesia gugat vaksin corona efek bahaya ikut
1,egois temen temen vaksinasi selamat presiden jokowi vaksin corona aman
2,bisnis virus sedap pfizer gugat vaksin pfizer bukti efek samping indonesia gugat vaksin corona efek bahaya
1,tim tolak vaksin alas vaksin uji klinis lagipula vaksin corona vaksin harga beda gratis harga ribu harga juta
2,butuh vaksin corona butuh vaksin cemas
2,vaksin bayar amuk vaksin gratis tolak corona kelar amuk corona kelar bilang konspirasi bgsd
1,ayo dukung vaksin indonesia perintah vaksin corona bentuk intervensi medis tingkat imuniatas tubuh masyarakat indonesia tehardap virus corona covid wajib bebas covid
2,anjing berfikir gara gara vaksin corona sial
1,ayo jaga tubuh papar virus corona vaksin wajib bebas covid
1,ayo lawan virus corona vaksin perintah sehat vaksin uji lindung antibodi vaksin produk biologis simpan suhu rendah wajib bebas covid
1,harap vaksin hilang virus corona wajib bebas covid
1,percaya vaksin corona moga atas wajib bebas covid
1,ayo sukses indonesia corona vaksin wajib bebas covid
1,neng banget dengar berita vaksin alias cepetan sudah corona main
1,moga vaksin cegah sebar corona
2,suntik vaksin buka aman corona titan
2,vaksin corona sembunyi perintah pandemi
1,vaksin putus rantai tular virus corona
2,bohong vaksin corona serum titan
2,kurang manjur vaksin corona sinovac brasil persen
2,vaksin flu pakai tahun korea renggut korban nyawa vaksin corona takut orang tinggal perintah tanggung
1,moga vaksin lawan virus corona
1,vaksin dar putus mata rantai virus corona kebal imunisasi tubuh vaksin covid sinovac virus corona pergi jauh tubuh
1,korban jiwa akibat virus corona ayo cegah vaksin
2,percaya corona vaksin bantu sosial ilham
1,vaksin salah ikhtiar upaya preventif mitigasi cegah putus minimal lambat sebar virus corona
2,vaksin josss deh jabat konglomerat orang tajir bondong antri kaya mati cepat corona
2,mati pakai vaksin kena virus corona pandemi palsu vaksin mati
1,ayo ragu vaksin
1,moga vaksin kurang populasi si corona muka bumi capek dibadutin corona kerja main
2,hati hati waspada kembar zionis gila hasil hancur tatanan dunia teror corona vaksin biometric id chipnya
2,efek bahaya indonesia gugat vaksin corona aneh manusia kelinci coba
2,vaksin corona rakyat suruh beli paksa hidup cukong harga murah
1,celaka mati corona mati ajak orang provokasi tolak vaksin
1,vaksin harap masyarakat global tular virus corona vaksin nyata halal aman tolak harap aneh
1,kabar gembira vaksin corona siap layan sehat dekat terap protokol sehat ketat 3m
2,ajar negara muncul vaksin corona ladang basah tipu kelabu korban
1,vaksin corona aman
2,funhsi vaksin kebal corona naik ihsg
2,pintar ajar percaya corona vaksin sia sia
2,perintah paksa vaksin utama herbal bukti ampuh sembuh corona
2,obat tingkat daya tahan tubuh biar kebal corona vaksin titan
2,omong corona vaksin warga bebal dibilangin
1,ayo henti sebar virus corona vaksin vaksin sinovac halal aman
2,indonesia pulih virus corona cina vaksin solusi
2,hilang corona keplak kepala vaksin
2,paranoia sok informasi orang vaksin campak kena sakit campak vaksin campak cegah sakit persen coba lihat teman keluarga kena campak corona
1,dukung upaya perintah cegah sebar virus corona vaksin hindar berita bohong berita bohong edar sebar luas berita benara mari lawan berita bohong
2,vaksin corona buat daging babi
1,cepetan vaksin corona takut anak bayi vaksin vaksin langsung si thole
1,makan vaksin corona biar mampus
2,muncul varian virus corona kekhwatiran muncul vaksin sedia lawan varian
1,hidup normal vaksin disebarluaskan pakai sistem herd immunity virus corona hilang manusia kebal vaksin kayak virus influenza
1,indonesia lawan corona dukung program lanjut ppkm jawa bal cegah pemularan covid dukung vaksin jaga nkri
1,ayo terap 3m tolak vaksin bebas covid percaya vaksin
1,tolak vaksin bebas covid percaya vaksin
1,cinta bumi lindung virus corona taat atur pbb ppmk cegah sebar virus corona dukung vaksin jaga nkri
1,satu padu perang lawan corona menteri jhony plate wartawan dukung akselerasi digital vaksinasi covid dukung vaksin jaga nkri
1,vaksin lancar rakyat kuat dukung vaksin gratis tambah kebal tubuh bunuh virus corona jaga jarak rajin cuci tangan pakai masker mari sosialisasi tetangga dusun desa pelosok
2,bingung kontra vaksin covid cina pas gejala corona lau minum pil cina manusia
2,vaksin korban corona grafik turun pas vaksin grafik paham
1,amin moga corona cepat reda vaksin harap
2,vaksinasi orang sakit jantung corona positif corona vaksinasi orang sakit jantung vaksin sakit jantung hebat
1,akhirmya vaksin covid
1,vaksin aman halal
1,masyarakat
1,bahaya
1,proteksi maksimal
1,dukung program vaksinasi
1,lupa 3m
1,ayo dukung
1,sukses
1,cegah 3m
1,moga vaksin corona cepat
1,ayo vaksin biar tubuh bebas corona
2,abis vaksin sinovac positif corona vaksin kotor
2,vaksin sinovac kebal corona kebal hukum
2,aneh vaksin corona
2,butuh vaksin anti corona butuh vaksin anti sakit hati
1,vaksin 3m tangkal covid lengkap
2,menkes positif corona pilih ramu dukun ketimbang vaksin
2,vaksin picu corona liar bentuk varian varian logis sifat dasar makhluk tahan hidup
1,kasih kendorrrr suster kebal corona kena vaksin kena vaksin galau mantan cc
2,aneh vaksin lindung corona vaksin
2,vaksin corona rajalela
2,untung suntik vaksin hasil gantung imun tubuh bukti habis vaksin kena papar corona gitu bos bang fadjroel perintah iklan sinovac maksa turkey
2,vaksin corona parah tetangga kemarin periksa sakit kanker payudara pergi rumah sakit isolasi sakit isolasi aneh
2,tinggal terinveksi corona akibat vaksin tanggung
2,kemaren vaksin jalan pilih daerah vaksin sembuh takut asli corono torotmont susah hidup si ribet lawan
2,coba tonton ulang video presiden suntik vaksin corona janggal putar video pelan
2,vaksin psbb iman hidup mati allah atur kena corona allah atur vaksin kali takdir mati mati
1,ngerokok abis bungkus gilir vaksin corona alas masukin racun tubuh lucu
2,jabat banjarmasin positif corona vaksin sinovac
2,vaksin cegah corona papar lantas vaksin kuat virus covidnya efektivitas vaksin
2,orang suntik vaksin positif corona bilang bukti vaksin jamin vaksin gitu masuk landa pandemi menkes bilang salah strategi sadar
2,suntik vaksin positif corona corona henti mindsetnya virus mati lh corona takut tolong anggap kayak virus flu
1,vaksin indonesia dunia vaksin covid vaksin tuju lindung celaka pikir positif kawan hidup tentram ayo lindung keluarga corona
1,resiko tular corona rendah terap prokes vaksin putus rantai covid
2,super perintah utama pasien covid indonesia vaksin sinovac bukti gagal lindung rawan vaksin kena corona sprti tayang antv
1,vaksin papar corona antibodi bentuk kali suntik vaksin jangka wajar papar papar imun kuat gejala patuh protokol sehat
1,vaksin cegah obat tuntas corona kunci 3m rumah urus kerja bagus mana
1,kak vaksin aman mudah mudah cepat putus rantai sebar virus corona kak
2,vaksin tubuh kebal virus corona konfirmasi positif corona
1,alas vaksin corona corona indonesia tingkat
1,tuju vaksin corona tekan angka sakit mati
2,vaksin papar corona mikir keras bpk
2,citra ratu drama drama bu risma manfaat orang banding drama anies baswedan pura positif corona aku positif corona vaksin
2,vaksin efektif cegah mutasi virus corona
2,suntik vaksin hasil positif corona virus sogok
1,vaksin imun kuat sehat semangat waspada corona indonesia bebas bencana covid
2,vaksin corona vaksin corona cina bahaya tubuh manusia
2,bupati positif corona vaksin iya positif kerja vaksin
1,moga vaksin cepat pakai masyarakat indonesia corona kilang amin
1,alhamdulillah vaksinasi rsup sardjito
2,cina vaksin sinovac wabah corona gila parah
2,vaksin kena virus fungsi vaksin vaksin sinovac bupati sleman umum positif corona vaksin tetap jalan 3m
1,orang sembuh covid milik antibodi kebal tubuh lawan virus corona risiko infeksi banding orang infeksi vaksin selektif
1,vaksin selektif vaksin produk zat masuk tubuh manusia stimulasi imnun sistem tubuh manusia proteksi lindung manusia sakit sdg lawan virus corona covid
1,vaksin hati gembira corona sebentar sirna vaksin selektif
1,komitmen vaksin ikhtiar bantu virus corona jalan prokes laku ayo bantu negara ayo vaksin
1,ayo vaksin biar corona cepat
1,takut vaksin biar corona cepat hilang
2,vaksin kebal tubuh kena corona lepas vaksin positif
2,logika suntik virus corona lemah habis vaksin virus corona tubuh tes positif negatif
2,bentar vaksin corona lemah abis vaksin otomatis positif
2,vaksin corona kebal corona
2,vaksin ujung kena corona vaksin anti bodi tular corona kadrun framing berita bohong vaksin
2,tuju niat musnah orang anti jokowi tolak vaksin biar kena corona vaksin vaksin bunuh orang kenal istilah depopulasi
1,lawan pandemi sukses program vaksinasi putus rantai tular corona tolak kampanye anti vaksin covid
2,butuh vaksin anti corona butuh vaksin anti miskin
2,tarik vaksin anti sakit tenggorok makan goreng minum es vaksin cegah corona
2,presiden ri pakai kalung anti corona buat departemen tani makan nasi kucing bagus imun vaksin
2,vaksin corona vaksin anti vaksin meni
2,pakai kalung anti corona pakai vaksin
2,hix hix hix bingung curi vaksin dengar covid orang ngeri tular jual siapa vaksin produk cina abal
2,normal people pithecanthropus paleojavanicus vaksin bahaya nano chipnya rokok percaya tembakau herbal corona
2,percaya corona vaksin berita tv media sosial manis mulut
2,sulit percaya manjur vaksin muncul kalung anti virus corona
2,corona cina nularin cina vaksin cina suntik warga orang cina pakai sinovac percaya biar dukung kroni vaksin
2,hiv corona sars corona mers who vaksin rentang vaksin covid uji coba percaya vaksin vaksin percaya larang
2,corona turun sars sars vaksin mudah percaya promosi usaha buat vaksin tolong timbang
2,suntik beneran percaya sunti vaksin corona asli isi air infus
2,wajar ragu vaksin corona virus rajalela mutasi cepat vaksin selesai uji coba
2,corona percaya vaksin
2,batal vaksin corona massal orang percaya pandemi langgar protokol sehat pakai masker tinggal corona imun bagus psbb kena db
2,lintas pikir dengar vaksin corona muncul zombie percaya zombie
2,pas rawat inap mantan menkes sby omong vaksin corona sebenernya seram tuju sebenernya percaya omong menteri sblm rezim
2,fahira percaya vaksin corona percaya vaksin corona cina bau bisnis alkes cari untung bodoh miskin rakyat akibat dampak horor corona ekonomi rakyat hancur bu covid cipta cina percaya cina
2,rakyat percaya hukum penuh sinetrinisasi film sandiwara laskar fpi adil bunuh gembong jahat perang vaksin cina palsu corona sandiwara
2,vaksin corona suntik jokowi vaksin buat jerman rakyat buat pki komunis cina masyarakat percaya perintah
2,percaya duga tinggal kyai ulama ponpes indikasi virus corona logika covid keluarga tular cepat awas hati vaksin covid
2,jrxsid corona bisnis bisnis vaksin untung percaya jrxsid
2,percaya corona bisnis jual vaksin
2,obrol corona vaksin dingin turun menteri kabinet bisnis rakyat bajing pakai kerja hutang negara bnyak manfaat rakyat bisnis beli apd vaksin
2,vaksin jadi ajang bisnis corona hilang vaksin perintah keluh teman posting jalan tongkrong pakai masker gila mikirnya banget manusia
2,vaksin orang vaksin santai hadap corona anggap corona bisnis elit gembel rs kewalahan tampung pasien makam jerit terima pesan
2,percaya orang vaksin jadi bisnis bumn bisnis vaksin corona sehat holding bumn farmasi
2,indonesia gugat vaksin corona efek bahaya enak bisnis farmasi mana tanggung korban gara suntik vaksin buat
2,percaya vaksin corona palsu
2,masyarakat percaya perintah corona vaksin jadi bisnis
2,masker bahan bisnis vaksin anjing memang tubuh masyarakat bahan uji coba mati corona mati habis vaksin mati cacat bunuh masal jahat
2,logika angka corona kendali vaksin ampuh jabat volunter bisnis
2,indonesia lepas bisnis vaksin corona bisnis
2,alsannya vaksin bisnis corona konspirasi vaksin haram buat wahyudi vaksin microchipnya manusia mudah lacak produk cina
2,bisnis vaksin rakyat nkri takut takutin corona
2,corona politik vaksin bisnis
2,rp triliun apbn borong vaksin duga teror corona bisnis vaksin main anggar bebas hak bujeting dpr uu bahaya nyawa rakyat jalan
2,flu burung pandemi murni temu vaksin hilang virus pandemi corona bisnis hilang kecuali bisnis henti
2,cuplik vaksin biar sadar corona nama jadi ajang bisnis kasihan umkm gerak fnb bilang tunggu keluarga kena percaya orang rumah teman positif corona
2,cina vaksin beli indonesia kena corona aneh vaksin lepas bisnis jabat
2,corona sempet hening kabar vaksin gabung indonesia godok didih covid bisnis konspirasi
2,indonesia borong vaksin corona cina taiwan alas bisnis
2,covid main setan bancak anggar utang bisnis vaksin sars mers hiv temu vaksin abad detik kabah dithowafi ibadah buka corona vaksin id tutup
1,bantu virus corona cepat hilang rakyat dukung vaksin
1,salah corona cepat hilang rakyat dukung vaksin
1,doa ikhtiar jaga sehat corona cepat hilang rakyat dukung vaksin
1,sedih keluarga tinggal corona dukung vaksin rakyat dukung vaksin
1,corona punah rakyat dukung vaksin
1,rakyat dukung vaksin vaksin corona hilang
1,mari dukung program vaksinasi tingkat ekonomi nasional masyarakat sehat hindar corona vaksin lancar nkri pulih
1,ayo dukung vaksin corona kangen banget jalan jalan bareng sehat pulih ekonomi pulih lupa 3m
1,pulih ekonomi nasional vaksin
1,ayo dukung vaksinasi nasional
1,masyarakat aman lindung vaksin bantu bentuk imun tubuh lawan sakit virus corona cepat ampuh vaksin boosting herd immunity
1,selamat tinggal corona selamat vaksin
1,vaksinasi covid laku putus rantai tular virus corona
1,inti mari vaksin vaksin peluang kena covid kena alami gejala ringan
1,umat agama ragu vaksin
1,harap warga vaksin corona harap warga vaksin corona perintah vaksinasi covid sunti perdana presiden joko widodo warga harap vaksin covid laju
1,vaksinasi virus corona imunisasi bayi anak anak vaksin rugi orang vaksin aman kebal covid
1,moga vaksin hasil corona cepat selesei
1,vaksin obat upaya cegah jaga protokol sehat teman teman moga vaksin virus corona tekan
1,lindung orang orang sayang virus corona vaksin aman kebal covid
1,vaksin moga kebal corona
1,aman khasiat halal masyarakat ragu vaksin keluar bio farma
1,lindung
1,fix vaksin
1,vaksin tekan corona teman teman bantu sukses vaksin
1,sehat hindar virus corona ayo vaksin ayo ayo vaksin
1,moga vaksin sinovac corona hilang angin segar istilah tolak vaksin corona negeri level serius kasihan tenaga medis juang bulan
1,mayoritas masyarakat dukung vaksinasi corona perintah vaksin aman kebal covid
1,moga vaksin sinovac efektif tekan sebar virus corona landa indonesia dukung program vaksinasi wajib bebas covid
1,mari dukung perintah sukses pakai vaksin corona berantas corona bumi indonesia merdeka
1,ayo dukung vaksinasi covid hindar virus corona vaksin cipta imunitas covid
1,ayo dukung perintah hadir vaksin corona rakyat indonesia
1,dukung kerja keras perintah hadir vaksin corona rakyat indonesia indonesia
1,dukung sukses program vaksinasi nasional masyarakat sehat corona ekonomi nasional tingkat vaksin lancar nkri pulih
1,lawan corona terap 3m mari dukung vaksinasi tangkal berita bohong vaksin covid
1,alhamdulillah vaksin kakek muda liat cerdas wajah sinar keluar aura positif ganteng awet muda kakek ayo ikut vaksin dukung sukses vaksinasi indonesia bebas virus corona
1,dukung program vaksinasi nasional masyarakat sehat corona ekonomi tingkat vaksin putus rantai covid
1,vaksinasi covid upaya putus rantai tular virus corona dukung vaksinasi fix vaksin bahaya
1,dukung program vaksin nasional covid taat atur psbb ppmk cegah putus rantai sebar virus corona covid lindung bumi virus corona dukung vaksin jaga nkri
1,ayo dukung program vaksinasi kebal tubuh kuat hindar virus corona gas vaksin sinovac halal aman
1,mari kawal dukung upaya perintah rang virus corona vaksin protokol sehat jalan bentuk herd immunity duduk indonesia vaksin
1,mari satu dukung program vaksinasi perintah indonesia bebas pandemi corona covid vaksin menkes moga indonesia sehat
1,dukung vaksinasi
1,insya allah perintah serius basmi corona rakyat dukung vaksin
1,program vaksinasi usaha perintah putus mata rantai virus corona himbau masyarakat terap protokol sehat dukung vaksin jaga nkri
1,harap ustadz ikadi dukung program perintah putus mata rantai sebar virus corona dukung vaksin jaga nkri
1,pandemi corona dampak sehat ekonomi ekonomi uji kokoh keluarga rumah tangga dukung vaksin jaga nkri
1,efek samping vaksinasi vaksin corona aman jadi efek samping timbul sifat ringan dukung vaksin jaga nkri
2,vaksin corona buat sperma
2,vaksin corona sue
